"","sikker_fg","fg_kunnskap_1","fg_kunnskap_2","fg_kunnskap_3","fg_forbedring","fg_likhet_1","fg_likhet_2","fg_likhet_3","fg_kunnskap2","fg_auto_flykt","fg_region","fg_kjennskap_nav","fg_auto_nav","fg_pari_nav","fg_kjennskap_prv","fg_auto_prv","fg_imp_1","fg_imp_2","fg_imp_3","fg_flykt_post","fg_nav_post","fg_prv_post","fg_tradeoff_1","fg_tradeoff_2","fg_tradeoff_3","demo_edu","demo_party","demo_trust","demo_lr_scale","post","fg_sikkert_post","fo_delib","fo_media","on_sikkert_post","fg"
"1",NA,4,4,4,4,4,3,4,4,1,3,4,1,3,4,1,5,4,5,2,1,2,3,3,3,3,3,2,4,0,NA,NA,NA,NA,1
"2",NA,4,5,4,3,4,3,4,5,1,6,4,1,1,5,1,3,4,4,2,2,2,1,1,1,7,2,2,7,0,NA,NA,NA,NA,0
"3",NA,4,4,4,3,4,4,4,4,1,2,6,1,2,2,3,4,4,5,1,2,2,1,1,1,5,6,3,5,0,NA,NA,NA,NA,1
"4",NA,4,5,5,9,7,5,5,8,1,8,8,1,1,4,3,2,2,2,2,2,2,3,2,1,6,13,3,4,0,NA,NA,NA,NA,0
"5",NA,4,2,4,5,5,5,8,4,4,5,4,2,2,5,1,4,4,5,2,1,2,3,3,3,7,7,2,2,0,NA,NA,NA,NA,0
"6",NA,4,3,2,3,4,2,4,3,1,4,3,1,2,3,1,4,4,5,3,1,2,1,3,2,6,6,2,3,0,NA,NA,NA,NA,1
"7",NA,2,4,5,2,1,1,2,6,2,6,6,2,2,6,2,4,3,3,2,2,2,1,2,2,6,2,2,7,0,NA,NA,NA,NA,1
"8",NA,3,5,5,3,3,3,3,5,1,5,2,1,2,1,1,4,4,5,1,3,2,1,2,2,3,2,1,7,0,NA,NA,NA,NA,0
"9",NA,4,5,5,3,7,7,6,6,1,1,6,2,1,1,1,4,2,5,2,2,2,1,2,2,7,1,3,6,0,NA,NA,NA,NA,1
"10",NA,3,5,5,2,1,1,3,6,1,6,6,1,1,5,1,5,5,5,2,2,2,1,3,3,7,2,2,7,0,NA,NA,NA,NA,0
"11",NA,4,4,3,9,6,3,4,5,1,4,3,1,1,5,1,4,3,5,3,2,1,1,3,1,6,13,2,4,0,NA,NA,NA,NA,1
"12",NA,4,4,4,3,8,4,4,4,1,4,4,1,2,3,1,3,4,4,2,1,1,1,2,2,6,2,3,7,0,NA,NA,NA,NA,0
"13",NA,4,2,1,3,4,5,6,3,1,6,4,1,1,1,1,3,3,5,2,3,2,1,3,1,7,2,4,9,0,NA,NA,NA,NA,0
"14",NA,4,4,5,3,4,4,2,2,1,3,1,1,2,1,1,3,5,5,2,1,1,1,3,NA,7,7,2,2,0,NA,NA,NA,NA,0
"15",NA,4,5,4,2,3,1,3,4,1,5,5,3,1,5,1,3,4,5,2,2,2,1,1,2,3,6,2,3,0,NA,NA,NA,NA,1
"16",NA,4,5,5,3,2,2,4,5,1,8,6,1,1,6,1,4,3,5,2,2,2,3,2,2,7,13,2,2,0,NA,NA,NA,NA,0
"17",NA,4,5,5,5,6,3,5,3,1,3,2,1,3,3,1,4,4,4,3,3,3,1,3,3,6,9,4,6,0,NA,NA,NA,NA,1
"18",NA,3,4,3,2,4,3,4,6,2,6,7,1,2,7,1,5,3,5,2,1,2,1,1,2,3,2,3,8,0,NA,NA,NA,NA,1
"19",NA,4,5,5,3,2,2,4,5,2,6,5,2,1,5,1,4,3,4,2,2,2,1,1,1,6,6,3,4,0,NA,NA,NA,NA,0
"20",NA,3,2,4,2,2,2,3,7,1,6,6,1,1,5,1,4,4,5,2,2,2,1,1,2,6,3,2,4,0,NA,NA,NA,NA,1
"21",NA,4,5,5,2,8,3,6,3,1,4,3,1,2,2,1,4,3,5,2,1,1,1,3,3,3,3,1,2,0,NA,NA,NA,NA,1
"22",NA,4,4,5,4,7,3,4,5,1,3,5,1,1,5,1,4,3,3,2,1,2,1,2,2,7,2,2,6,0,NA,NA,NA,NA,1
"23",NA,1,4,4,3,4,2,4,6,1,6,5,1,1,6,1,4,3,4,2,2,2,1,1,1,7,6,2,4,0,NA,NA,NA,NA,0
"24",NA,3,4,4,3,1,1,5,6,2,6,6,2,1,5,1,4,4,5,2,2,2,1,1,1,6,8,2,1,0,NA,NA,NA,NA,0
"25",NA,6,4,4,9,8,8,4,8,1,5,4,1,2,2,1,4,3,4,2,2,1,1,1,3,3,1,3,7,0,NA,NA,NA,NA,1
"26",NA,2,4,5,3,4,4,4,5,1,5,5,1,3,3,1,4,3,5,1,3,1,1,1,2,6,2,4,7,0,NA,NA,NA,NA,1
"27",NA,2,4,4,3,6,3,4,5,1,5,5,1,2,5,1,3,3,4,2,2,2,1,2,1,7,2,2,6,0,NA,NA,NA,NA,1
"28",NA,5,5,5,9,8,8,8,3,1,4,5,1,1,2,1,4,4,5,2,3,1,1,2,1,7,2,2,6,0,NA,NA,NA,NA,0
"29",NA,3,2,4,6,7,3,2,3,1,3,2,1,1,1,1,3,4,5,1,1,1,2,1,2,6,2,2,7,0,NA,NA,NA,NA,1
"30",NA,4,2,4,3,2,2,4,3,1,4,3,1,1,3,1,5,5,5,1,2,1,1,3,2,7,13,1,5,0,NA,NA,NA,NA,1
"31",NA,3,4,4,4,5,4,4,5,1,3,5,1,1,5,1,3,4,5,2,1,1,1,3,3,5,6,3,4,0,NA,NA,NA,NA,1
"32",NA,5,5,5,9,7,2,7,4,1,4,3,1,1,3,1,4,4,5,2,2,2,1,1,1,7,2,2,6,0,NA,NA,NA,NA,1
"33",NA,3,4,5,3,4,2,5,4,1,4,8,3,1,5,1,4,3,5,2,2,3,2,2,2,7,7,1,1,0,NA,NA,NA,NA,0
"34",NA,4,4,4,3,5,3,3,5,1,5,5,1,1,5,1,3,4,4,2,2,3,2,3,3,7,2,2,6,0,NA,NA,NA,NA,1
"35",NA,4,2,4,5,6,4,5,2,1,2,2,1,1,4,1,5,3,3,1,2,1,1,1,1,3,2,2,6,0,NA,NA,NA,NA,0
"36",NA,3,4,3,3,3,2,4,4,1,4,5,1,1,3,1,5,4,5,1,1,1,2,1,2,6,8,3,2,0,NA,NA,NA,NA,1
"37",NA,4,5,5,3,3,3,4,3,1,5,3,1,2,2,1,3,4,5,1,1,1,3,2,2,3,6,1,3,0,NA,NA,NA,NA,0
"38",NA,3,4,4,3,5,3,4,5,1,5,5,1,1,5,1,4,4,5,2,1,1,1,1,2,7,4,2,6,0,NA,NA,NA,NA,1
"39",NA,4,4,3,3,5,3,3,5,1,5,3,1,2,2,1,4,5,4,2,1,2,1,1,1,5,5,5,1,0,NA,NA,NA,NA,1
"40",NA,1,5,5,2,3,4,2,2,1,6,5,1,1,5,1,6,6,6,2,2,2,1,1,1,3,13,1,11,0,NA,NA,NA,NA,1
"41",NA,2,4,4,3,7,3,3,6,1,6,5,1,1,5,1,3,3,4,2,2,2,2,2,1,7,3,2,6,0,NA,NA,NA,NA,0
"42",NA,4,4,4,3,8,8,4,5,1,5,5,1,1,4,1,4,4,4,1,2,3,1,1,3,7,NA,2,5,0,NA,NA,NA,NA,1
"43",NA,4,4,4,3,3,2,4,3,1,5,2,1,2,3,1,4,5,5,2,1,1,1,1,1,6,7,4,2,0,NA,NA,NA,NA,1
"44",NA,4,3,2,6,5,3,5,4,1,6,2,1,2,2,1,3,4,4,2,2,2,1,1,1,5,3,4,4,0,NA,NA,NA,NA,0
"45",NA,3,4,4,3,5,3,8,5,1,3,4,1,2,4,1,4,3,4,1,2,1,1,3,2,3,13,2,3,0,NA,NA,NA,NA,1
"46",NA,4,4,3,3,4,3,4,4,1,5,3,1,1,2,1,3,4,5,2,1,1,1,1,1,6,6,2,5,0,NA,NA,NA,NA,0
"47",NA,4,5,5,3,4,3,5,5,1,8,5,1,1,3,1,5,3,4,1,2,1,1,1,3,3,6,1,5,0,NA,NA,NA,NA,0
"48",NA,3,5,5,3,3,3,5,5,1,4,4,2,3,3,1,4,4,3,2,3,2,1,1,3,6,10,2,4,0,NA,NA,NA,NA,0
"49",NA,4,3,3,6,6,6,2,3,1,4,3,1,2,3,1,3,3,5,1,1,1,3,2,2,5,8,6,5,0,NA,NA,NA,NA,1
"50",NA,4,4,5,1,2,3,6,7,1,3,5,1,3,7,1,5,5,5,1,2,2,2,2,2,3,13,4,3,0,NA,NA,NA,NA,0
"51",NA,4,4,3,4,5,2,6,4,1,6,5,1,1,4,1,5,5,4,2,1,2,2,3,1,5,2,2,9,0,NA,NA,NA,NA,1
"52",NA,4,5,5,5,5,2,6,3,1,4,2,1,2,1,1,5,5,5,2,1,1,1,2,2,3,13,2,2,0,NA,NA,NA,NA,1
"53",NA,4,4,4,3,3,3,3,5,1,6,5,1,2,5,1,4,4,5,1,1,1,2,3,1,6,6,2,5,0,NA,NA,NA,NA,1
"54",NA,4,5,5,5,7,5,6,4,1,8,5,1,1,1,1,2,3,4,2,1,3,3,3,3,3,2,3,8,0,NA,NA,NA,NA,0
"55",NA,5,4,4,5,4,3,5,3,1,2,3,1,3,2,1,4,5,5,2,1,1,3,3,2,7,6,4,3,0,NA,NA,NA,NA,1
"56",NA,3,2,2,2,2,2,3,5,1,8,5,1,3,5,1,4,4,4,3,3,3,1,3,3,7,7,2,3,0,NA,NA,NA,NA,1
"57",NA,4,4,4,9,8,2,8,4,1,5,4,3,1,8,1,5,4,5,2,2,2,3,3,3,5,13,4,5,0,NA,NA,NA,NA,0
"58",NA,3,4,3,3,3,2,4,4,1,4,4,1,1,5,1,4,4,5,2,2,2,1,2,2,7,6,1,4,0,NA,NA,NA,NA,1
"59",NA,4,4,3,6,5,4,4,3,1,4,2,1,1,4,1,5,4,4,1,1,3,1,3,3,6,11,3,11,0,NA,NA,NA,NA,1
"60",NA,4,4,3,1,5,1,4,5,1,5,7,2,1,3,1,4,3,5,2,2,1,1,3,1,2,3,2,5,0,NA,NA,NA,NA,1
"61",NA,4,6,5,2,5,2,3,4,2,5,5,2,1,5,2,3,5,5,2,2,2,1,1,1,5,11,4,5,0,NA,NA,NA,NA,1
"62",NA,4,4,5,9,4,4,4,5,1,4,4,1,3,5,1,4,3,4,2,1,1,1,1,1,7,9,2,5,0,NA,NA,NA,NA,1
"63",NA,3,4,3,5,7,5,5,4,1,4,3,1,3,2,1,5,4,5,2,1,2,2,3,3,3,6,3,7,0,NA,NA,NA,NA,1
"64",NA,4,5,4,3,6,3,4,4,2,5,4,2,1,2,1,3,4,5,2,2,1,1,3,3,5,2,2,8,0,NA,NA,NA,NA,1
"65",NA,5,5,5,2,5,2,5,4,2,4,5,1,1,6,2,4,4,4,2,2,2,1,1,1,7,7,2,2,0,NA,NA,NA,NA,0
"66",NA,4,4,4,9,3,3,4,5,1,4,4,1,2,5,1,4,3,5,2,2,1,2,2,2,6,6,2,5,0,NA,NA,NA,NA,0
"67",NA,4,4,2,3,2,2,4,4,2,8,4,2,1,4,2,4,4,4,2,2,2,2,3,3,7,13,1,2,0,NA,NA,NA,NA,1
"68",NA,5,4,4,2,8,8,8,5,1,5,5,1,2,5,1,4,3,4,1,1,1,2,1,2,5,2,1,10,0,NA,NA,NA,NA,0
"69",NA,4,3,3,4,3,3,4,5,1,5,4,1,2,4,1,4,4,5,1,1,1,3,3,1,3,1,2,6,0,NA,NA,NA,NA,1
"70",NA,3,2,1,1,1,4,4,6,2,7,7,2,1,5,1,4,4,5,2,2,2,1,1,1,7,3,1,5,0,NA,NA,NA,NA,1
"71",NA,4,4,4,3,8,3,4,3,1,2,3,1,1,2,1,5,5,5,2,1,2,1,2,2,6,3,3,5,0,NA,NA,NA,NA,1
"72",NA,3,4,4,3,3,3,8,5,1,5,8,1,1,8,1,4,3,4,2,1,1,2,1,1,6,7,2,4,0,NA,NA,NA,NA,1
"73",NA,2,4,4,9,8,8,8,4,2,4,4,2,2,1,1,4,3,4,2,2,1,2,1,1,5,9,3,5,0,NA,NA,NA,NA,0
"74",NA,4,4,4,2,8,8,8,5,1,5,5,1,1,5,2,5,5,5,2,2,2,3,2,2,5,10,3,5,0,NA,NA,NA,NA,0
"75",NA,4,6,5,3,8,3,8,8,1,4,4,1,2,3,1,4,4,5,2,1,2,3,3,3,6,4,2,7,0,NA,NA,NA,NA,0
"76",NA,5,3,3,6,6,5,4,4,4,3,4,3,2,3,1,3,4,4,1,1,1,3,1,3,3,6,3,5,0,NA,NA,NA,NA,1
"77",NA,4,4,2,5,7,3,6,4,1,5,4,1,1,1,1,5,3,5,1,1,1,1,1,1,9,11,3,11,0,NA,NA,NA,NA,0
"78",NA,5,5,5,6,6,4,6,3,1,1,1,1,2,8,1,4,4,4,1,1,1,1,1,1,2,11,2,11,0,NA,NA,NA,NA,0
"79",NA,5,3,5,9,1,1,3,5,1,4,2,1,2,4,1,4,5,3,2,1,1,1,2,2,6,7,2,2,0,NA,NA,NA,NA,0
"80",NA,3,5,5,3,8,3,6,5,1,2,5,1,3,5,1,3,4,4,2,2,3,3,3,3,6,7,2,3,0,NA,NA,NA,NA,1
"81",NA,4,4,3,4,4,4,3,4,2,5,5,2,1,5,2,3,4,4,2,2,3,3,3,3,7,8,2,2,0,NA,NA,NA,NA,0
"82",NA,4,5,5,3,5,5,4,6,2,4,5,1,1,5,1,4,4,4,2,2,3,2,2,2,3,1,5,9,0,NA,NA,NA,NA,1
"83",NA,4,5,5,2,3,2,3,5,4,3,6,1,2,7,1,4,4,4,2,2,2,2,1,2,5,9,2,4,0,NA,NA,NA,NA,0
"84",NA,5,3,4,5,5,3,4,3,1,5,3,1,1,1,1,4,4,4,1,1,1,2,1,1,5,7,2,4,0,NA,NA,NA,NA,1
"85",NA,4,4,2,6,6,6,4,2,4,2,2,1,3,2,1,2,3,2,1,1,1,3,3,3,6,2,4,6,0,NA,NA,NA,NA,0
"86",NA,4,5,5,5,3,3,6,4,1,5,8,1,1,2,1,3,4,5,2,1,2,1,3,3,3,9,4,11,0,NA,NA,NA,NA,1
"87",NA,4,4,4,9,4,2,4,6,2,8,5,2,2,5,1,3,4,3,2,2,1,2,3,3,6,3,1,5,0,NA,NA,NA,NA,1
"88",NA,4,5,5,2,8,8,8,4,1,8,4,2,1,3,1,4,4,4,3,3,3,2,3,3,5,9,3,11,0,NA,NA,NA,NA,0
"89",NA,3,5,5,9,6,8,6,8,1,8,3,1,1,2,1,4,2,4,3,1,1,1,1,1,5,13,2,3,0,NA,NA,NA,NA,0
"90",NA,4,2,4,9,8,8,8,3,4,4,5,3,3,1,3,5,5,5,1,1,1,3,3,3,3,9,6,5,0,NA,NA,NA,NA,0
"91",NA,4,4,4,3,3,3,4,5,1,6,5,1,2,5,1,4,4,5,2,2,2,1,1,1,7,2,3,7,0,NA,NA,NA,NA,1
"92",NA,4,4,3,5,7,7,2,1,1,2,5,1,1,5,1,4,3,4,1,1,1,1,1,1,6,8,3,2,0,NA,NA,NA,NA,1
"93",NA,4,4,4,5,6,4,6,4,1,4,5,2,3,4,1,3,3,4,3,1,2,1,1,3,7,11,4,11,0,NA,NA,NA,NA,0
"94",NA,4,2,2,3,2,3,4,5,1,5,5,1,3,1,1,4,4,5,2,2,1,3,3,3,7,6,2,4,0,NA,NA,NA,NA,1
"95",NA,4,5,4,3,5,3,4,5,2,6,6,2,1,3,1,5,4,5,2,2,1,1,1,2,3,2,2,11,0,NA,NA,NA,NA,1
"96",NA,4,4,3,3,6,4,3,3,1,4,3,1,2,3,1,4,3,4,2,1,2,2,3,3,6,6,2,6,0,NA,NA,NA,NA,1
"97",NA,4,5,4,9,8,4,8,4,2,4,3,1,2,5,1,3,3,3,2,2,1,2,3,1,6,8,2,1,0,NA,NA,NA,NA,1
"98",NA,4,1,1,5,4,4,4,3,1,1,8,1,3,2,1,4,4,4,1,1,1,3,3,3,7,6,4,4,0,NA,NA,NA,NA,0
"99",NA,4,5,5,4,6,5,8,4,1,2,3,1,1,5,1,4,4,5,2,2,2,1,1,1,6,8,2,3,0,NA,NA,NA,NA,1
"100",NA,4,2,4,3,3,2,2,8,4,4,8,1,1,8,1,3,5,4,2,2,2,1,1,1,5,2,2,7,0,NA,NA,NA,NA,1
"101",NA,3,5,4,4,5,4,4,4,2,6,5,2,1,4,2,4,5,3,2,2,2,2,2,1,6,2,2,8,0,NA,NA,NA,NA,0
"102",NA,4,4,4,3,2,3,8,5,2,4,5,1,2,3,1,3,4,5,2,2,3,1,2,2,5,2,2,6,0,NA,NA,NA,NA,1
"103",NA,4,4,4,9,8,8,8,8,1,5,5,1,3,3,1,5,5,5,3,2,1,1,1,2,7,13,2,4,0,NA,NA,NA,NA,1
"104",NA,2,4,4,2,3,1,3,7,1,7,7,1,1,7,1,5,4,4,2,2,2,2,1,1,6,8,2,2,0,NA,NA,NA,NA,1
"105",NA,3,4,6,3,5,4,5,4,4,3,4,3,3,3,1,4,4,5,2,2,2,1,1,1,6,2,2,7,0,NA,NA,NA,NA,0
"106",NA,4,4,4,9,6,4,4,5,2,4,5,2,1,4,1,5,5,5,2,2,2,3,3,3,6,2,2,7,0,NA,NA,NA,NA,1
"107",NA,3,4,5,9,4,8,8,4,1,4,1,1,1,4,1,3,5,5,2,1,2,3,3,3,6,9,1,2,0,NA,NA,NA,NA,0
"108",NA,4,4,4,3,6,3,4,4,1,5,4,1,1,3,1,4,4,4,1,1,1,2,2,2,7,2,2,6,0,NA,NA,NA,NA,0
"109",NA,4,3,2,9,3,3,3,4,1,5,3,1,1,5,1,5,3,3,2,1,2,2,2,2,7,6,3,5,0,NA,NA,NA,NA,0
"110",NA,4,3,4,4,3,5,2,3,1,4,2,3,3,2,3,3,4,2,1,1,3,1,3,3,9,11,2,5,0,NA,NA,NA,NA,0
"111",NA,2,4,4,5,1,1,4,3,1,4,5,1,3,2,1,4,4,5,2,1,1,1,3,2,6,7,3,11,0,NA,NA,NA,NA,1
"112",NA,4,4,4,3,4,3,4,5,1,4,5,1,1,5,1,4,4,4,2,2,2,2,2,2,6,13,2,4,0,NA,NA,NA,NA,1
"113",NA,4,3,4,2,3,2,3,5,1,4,5,1,1,5,1,3,3,3,2,2,2,1,1,1,7,7,2,3,0,NA,NA,NA,NA,0
"114",NA,5,5,3,9,8,8,8,3,1,4,5,1,3,3,1,5,4,5,2,2,1,3,3,3,2,6,2,4,0,NA,NA,NA,NA,1
"115",NA,4,3,3,6,4,3,4,5,4,4,2,1,3,3,1,3,3,3,1,1,2,1,1,2,5,6,4,5,0,NA,NA,NA,NA,1
"116",NA,3,5,5,9,5,8,8,3,1,3,8,1,3,2,1,5,6,4,1,1,1,1,3,3,6,7,2,2,0,NA,NA,NA,NA,1
"117",NA,4,4,2,2,3,2,4,5,1,8,6,1,2,3,1,3,5,4,2,2,2,2,2,2,5,2,1,6,0,NA,NA,NA,NA,0
"118",NA,4,2,3,2,8,3,4,2,1,6,3,1,2,2,1,4,4,5,1,1,1,1,3,2,6,9,3,7,0,NA,NA,NA,NA,0
"119",NA,4,4,4,3,4,3,5,5,1,6,6,1,2,5,1,5,4,5,2,2,3,2,2,2,NA,NA,NA,NA,1,3,2,4,NA,1
"120",NA,3,2,4,2,2,1,3,5,1,5,6,1,1,2,1,3,4,5,2,2,1,1,1,3,NA,NA,NA,NA,1,3,1,4,NA,1
"121",NA,4,4,1,3,4,5,5,3,1,3,3,1,1,4,1,4,4,4,1,1,1,1,1,1,NA,NA,NA,NA,1,2,2,4,NA,1
"122",NA,2,5,5,3,2,3,4,5,1,5,5,1,1,5,1,3,3,5,2,2,2,1,1,1,NA,NA,NA,NA,1,2,3,5,NA,1
"123",NA,3,2,3,3,3,1,5,3,1,3,5,1,1,5,1,4,4,5,2,1,2,1,2,1,NA,NA,NA,NA,1,3,2,4,NA,1
"124",NA,4,4,4,3,4,3,3,6,1,4,5,1,3,5,1,3,3,3,1,1,1,3,3,3,NA,NA,NA,NA,1,2,1,5,NA,1
"125",NA,2,2,3,3,3,3,3,5,1,5,5,1,1,4,1,4,3,5,2,2,1,1,1,1,NA,NA,NA,NA,1,3,1,4,NA,1
"126",NA,4,5,5,3,3,3,4,5,1,5,5,1,1,5,1,4,4,4,2,2,2,2,3,3,NA,NA,NA,NA,1,3,2,5,NA,1
"127",NA,4,4,4,3,5,3,3,5,1,5,5,1,2,5,1,4,4,4,2,1,2,1,2,2,NA,NA,NA,NA,1,3,2,4,NA,1
"128",NA,3,2,3,3,4,3,4,5,1,8,8,1,3,2,1,5,4,5,1,3,1,3,3,3,NA,NA,NA,NA,1,3,2,5,NA,1
"129",NA,3,4,4,3,5,4,3,6,2,6,5,1,2,3,1,3,3,4,2,2,1,1,3,2,NA,NA,NA,NA,1,2,1,4,NA,1
"130",NA,3,2,2,3,5,3,4,5,1,5,5,1,1,5,1,5,3,5,1,2,1,3,3,3,NA,NA,NA,NA,1,3,2,5,NA,1
"131",NA,3,3,3,2,3,3,4,5,1,5,5,1,1,5,1,4,4,5,1,1,1,1,1,3,NA,NA,NA,NA,1,2,2,5,NA,1
"132",NA,3,3,3,3,3,2,4,5,1,4,6,1,1,5,1,4,5,5,2,2,2,1,2,2,NA,NA,NA,NA,1,3,1,4,NA,1
"133",NA,3,4,3,3,4,3,4,6,2,6,4,2,1,3,1,3,4,5,2,2,1,1,3,1,NA,NA,NA,NA,1,3,2,4,NA,1
"134",NA,3,4,3,3,3,4,4,5,1,5,5,1,1,5,1,3,4,4,1,3,3,3,3,3,NA,NA,NA,NA,1,2,1,4,NA,1
"135",NA,3,3,3,3,3,3,3,6,1,6,6,1,1,6,1,4,4,4,2,2,2,2,1,1,NA,NA,NA,NA,1,2,2,5,NA,1
"136",NA,3,4,3,3,3,4,4,5,1,3,5,1,2,4,1,4,4,5,1,1,1,3,1,1,NA,NA,NA,NA,1,3,1,4,NA,1
"137",NA,2,4,4,3,4,2,3,6,1,3,5,1,2,5,1,5,5,5,2,2,2,1,1,1,NA,NA,NA,NA,1,3,1,4,NA,1
"138",NA,4,4,5,3,4,3,4,5,1,5,5,1,1,5,1,4,3,4,1,2,1,1,2,2,NA,NA,NA,NA,1,2,2,5,NA,1
"139",NA,3,2,2,3,5,3,4,5,1,4,6,1,1,5,1,4,3,4,2,2,1,2,2,2,NA,NA,NA,NA,1,3,2,4,NA,1
"140",NA,3,3,3,3,3,3,3,5,1,3,5,1,2,5,1,5,4,5,2,2,2,1,1,2,NA,NA,NA,NA,1,3,1,4,NA,1
"141",NA,4,4,3,3,5,3,3,6,1,6,6,1,1,3,1,4,4,5,1,2,1,3,3,3,NA,NA,NA,NA,1,3,1,4,NA,1
"142",NA,4,4,3,3,3,4,2,6,2,3,6,1,2,3,1,4,6,5,2,2,1,3,3,3,NA,NA,NA,NA,1,3,1,4,NA,1
"143",NA,3,2,4,3,4,3,5,3,1,5,6,1,1,3,1,5,4,5,1,1,1,2,3,3,NA,NA,NA,NA,1,3,1,4,NA,1
"144",NA,2,4,4,3,4,4,4,5,1,6,5,1,3,3,1,3,3,4,1,1,1,3,3,3,NA,NA,NA,NA,1,3,1,4,NA,1
"145",NA,4,4,4,3,4,3,4,5,1,3,5,1,1,5,1,4,4,4,1,1,1,1,1,1,NA,NA,NA,NA,1,2,2,4,NA,1
"146",NA,4,4,4,3,4,3,4,6,1,3,6,1,2,6,1,4,3,5,3,2,1,2,1,3,NA,NA,NA,NA,1,3,2,4,NA,1
"147",NA,3,2,3,2,2,2,4,5,1,6,5,1,2,5,1,4,4,3,2,1,2,3,3,3,NA,NA,NA,NA,1,3,2,4,NA,1
"148",NA,4,5,4,3,3,2,4,5,1,5,5,1,1,5,1,4,3,4,2,2,1,1,3,3,NA,NA,NA,NA,1,3,1,4,NA,1
"149",NA,4,4,4,3,4,2,4,4,1,5,5,1,2,5,1,4,4,4,3,3,3,1,2,2,NA,NA,NA,NA,1,3,1,4,NA,1
"150",NA,3,4,4,2,4,2,2,6,1,3,6,1,1,6,1,5,4,4,2,2,3,1,1,1,NA,NA,NA,NA,1,3,1,4,NA,1
"151",NA,3,5,5,3,2,4,4,3,1,1,2,1,2,1,1,4,2,5,1,1,1,1,1,1,NA,NA,NA,NA,1,2,1,5,NA,1
"152",NA,3,4,4,3,5,3,4,5,1,6,5,1,1,5,1,2,3,3,2,2,3,1,1,1,NA,NA,NA,NA,1,3,3,4,NA,1
"153",NA,3,4,5,3,3,3,4,3,4,3,3,1,2,3,1,4,4,5,2,2,2,2,3,1,NA,NA,NA,NA,1,2,2,4,NA,1
"154",NA,2,3,4,3,7,3,5,5,1,5,5,1,1,3,1,4,3,5,2,2,2,1,2,1,NA,NA,NA,NA,1,3,1,4,NA,1
"155",NA,4,4,4,3,5,2,5,5,1,5,5,1,1,3,1,3,3,5,2,2,2,2,2,2,NA,NA,NA,NA,1,3,1,4,NA,1
"156",NA,2,4,4,3,8,8,8,6,1,4,5,1,2,5,1,3,4,4,2,2,2,1,1,1,NA,NA,NA,NA,1,2,2,4,NA,1
"157",NA,3,4,4,3,5,3,4,5,1,4,5,1,1,5,1,3,3,3,2,2,2,1,1,2,NA,NA,NA,NA,1,2,2,5,NA,1
"158",NA,4,4,4,4,4,4,4,5,1,3,5,1,1,4,1,4,3,4,2,1,1,3,3,3,NA,NA,NA,NA,1,2,2,4,NA,1
"159",NA,4,3,2,3,4,5,5,5,1,3,5,1,2,2,1,4,3,5,1,1,3,2,3,2,NA,NA,NA,NA,1,3,2,4,NA,1
"160",NA,2,1,2,1,2,1,4,7,2,5,6,2,1,3,1,2,2,5,2,2,1,1,3,1,NA,NA,NA,NA,1,3,3,5,NA,1
"161",NA,4,5,3,3,6,2,5,6,1,8,6,1,1,5,1,4,4,5,2,1,1,2,1,3,NA,NA,NA,NA,1,2,1,5,NA,1
"162",NA,4,6,4,9,6,5,3,5,1,4,8,3,3,8,3,6,6,6,2,2,2,3,3,3,NA,NA,NA,NA,1,NA,2,5,2,0
"163",NA,2,4,4,3,5,3,4,5,1,6,6,2,1,2,1,3,4,5,2,1,1,1,1,1,NA,NA,NA,NA,1,NA,2,4,3,0
"164",NA,1,4,4,2,1,3,4,6,1,6,6,1,1,6,1,4,3,3,2,2,2,1,1,1,NA,NA,NA,NA,1,NA,2,5,1,0
"165",NA,4,4,4,3,3,3,4,4,1,5,5,1,1,5,1,3,4,5,2,2,2,1,1,1,NA,NA,NA,NA,1,NA,2,4,2,0
"166",NA,4,5,5,3,4,4,4,4,1,3,5,1,2,4,1,4,4,4,2,2,2,1,1,2,NA,NA,NA,NA,1,NA,1,5,3,0
"167",NA,3,3,3,3,3,3,4,5,1,6,3,1,1,5,1,4,4,4,2,2,1,1,2,1,NA,NA,NA,NA,1,NA,1,5,2,0
"168",NA,3,4,4,2,2,2,4,5,2,5,5,1,1,6,1,4,5,5,2,2,2,1,2,1,NA,NA,NA,NA,1,NA,3,5,2,0
"169",NA,4,4,4,9,6,5,7,8,1,8,8,1,1,8,1,2,3,4,1,1,1,1,1,2,NA,NA,NA,NA,1,NA,1,4,3,0
"170",NA,4,4,4,3,5,3,4,5,1,5,3,1,1,3,1,4,4,5,1,1,1,2,2,2,NA,NA,NA,NA,1,NA,2,4,3,0
"171",NA,4,4,4,5,3,3,4,3,1,5,3,1,1,1,1,3,4,4,1,1,1,3,3,3,NA,NA,NA,NA,1,NA,2,4,3,0
"172",NA,5,5,5,3,4,2,4,5,1,4,6,2,2,6,1,5,4,5,2,2,2,1,1,2,NA,NA,NA,NA,1,NA,2,4,2,0
"173",NA,4,4,4,2,8,1,8,5,1,8,5,1,3,5,1,5,5,5,2,2,2,3,3,3,NA,NA,NA,NA,1,NA,2,4,1,0
"174",NA,3,5,5,4,2,2,4,5,1,8,8,3,1,3,2,4,3,5,1,3,2,1,1,1,NA,NA,NA,NA,1,NA,1,4,2,0
"175",NA,4,4,4,3,2,2,3,4,1,6,4,1,1,2,1,3,4,5,2,1,1,2,2,1,NA,NA,NA,NA,1,NA,1,4,3,0
"176",NA,4,4,3,3,5,3,4,3,1,5,3,1,1,2,1,4,4,5,1,1,1,2,2,2,NA,NA,NA,NA,1,NA,2,5,3,0
"177",NA,3,4,4,3,1,3,4,6,1,4,5,1,1,5,1,3,4,5,2,2,1,1,2,2,NA,NA,NA,NA,1,NA,2,4,2,0
"178",NA,4,3,3,5,6,4,4,3,1,3,3,1,3,3,1,4,4,4,1,1,1,3,3,1,NA,NA,NA,NA,1,NA,2,4,3,0
"179",NA,4,5,5,9,7,8,5,5,1,8,8,1,1,1,1,4,4,4,3,1,3,3,3,3,NA,NA,NA,NA,1,NA,1,4,2,0
"180",NA,3,5,5,3,1,1,3,6,1,6,6,1,1,6,1,4,4,4,3,2,2,1,3,3,NA,NA,NA,NA,1,NA,1,5,3,0
"181",NA,4,4,4,4,4,4,4,3,1,4,3,1,2,2,1,4,4,4,2,1,1,1,1,1,NA,NA,NA,NA,1,NA,1,4,2,0
"182",NA,4,4,5,3,5,3,3,5,1,4,4,1,2,5,1,4,3,4,2,1,2,2,3,3,NA,NA,NA,NA,1,NA,3,5,3,0
"183",NA,5,5,5,5,7,7,7,3,1,5,2,1,2,1,1,5,4,5,2,1,1,2,2,2,NA,NA,NA,NA,1,NA,1,4,3,0
"184",NA,4,4,4,3,5,4,5,4,1,3,3,1,2,3,1,4,4,5,2,2,2,1,3,2,NA,NA,NA,NA,1,NA,2,4,3,0
"185",NA,4,4,4,4,3,3,4,5,1,4,5,1,3,4,1,3,3,4,2,2,2,3,3,3,NA,NA,NA,NA,1,NA,1,5,3,0
"186",NA,5,4,4,3,3,2,3,4,1,4,5,1,1,4,3,3,3,5,2,1,2,3,3,2,NA,NA,NA,NA,1,NA,2,5,3,0
"187",NA,5,5,5,2,3,3,5,5,1,5,5,1,1,5,1,4,4,4,1,1,1,1,1,1,NA,NA,NA,NA,1,NA,2,5,1,0
"188",NA,3,2,2,3,5,3,2,5,2,5,6,2,1,2,1,3,3,5,2,2,1,1,1,1,NA,NA,NA,NA,1,2,1,4,NA,1
"189",NA,4,4,3,3,5,3,4,6,2,6,6,2,1,4,1,3,5,5,2,2,1,1,2,2,NA,NA,NA,NA,1,NA,1,4,3,0
"190",NA,4,2,4,3,2,2,2,4,1,6,3,2,3,2,1,5,5,5,1,1,1,3,3,3,NA,NA,NA,NA,1,NA,1,4,2,0
"191",NA,3,5,5,5,7,6,5,2,1,3,1,1,1,1,1,5,5,5,1,1,1,3,2,2,NA,NA,NA,NA,1,NA,1,4,3,0
"192",NA,3,5,5,2,5,2,4,4,1,5,5,1,1,4,1,5,4,3,1,2,1,2,3,2,NA,NA,NA,NA,1,NA,2,4,3,0
"193",NA,3,2,3,2,2,2,3,6,1,7,6,1,1,6,1,4,4,5,2,2,1,1,1,1,NA,NA,NA,NA,1,2,2,4,NA,1
"194",NA,4,4,4,6,3,3,6,1,1,2,1,1,2,1,1,5,4,5,1,1,1,3,1,2,NA,NA,NA,NA,1,NA,1,4,3,0
"195",NA,4,3,4,5,7,3,3,1,1,5,2,1,2,1,1,4,3,3,1,1,1,1,1,2,NA,NA,NA,NA,1,NA,1,4,3,0
"196",NA,4,4,4,3,3,1,5,3,1,5,5,1,1,1,1,1,4,5,1,1,1,1,1,1,NA,NA,NA,NA,1,NA,3,5,3,0
"197",NA,5,5,5,9,8,8,8,8,4,8,8,3,3,8,3,6,6,6,3,3,3,3,3,3,NA,NA,NA,NA,1,NA,1,4,3,0
"198",NA,5,6,6,6,8,8,8,8,4,8,8,3,3,8,3,6,6,6,3,3,3,3,3,3,NA,NA,NA,NA,1,NA,2,NA,3,0
"199",NA,4,2,3,3,2,2,4,4,1,7,4,1,3,2,1,3,4,5,1,2,2,1,1,1,NA,NA,NA,NA,1,NA,1,4,3,0
"200",NA,3,4,4,2,6,3,4,2,1,1,2,1,2,2,1,4,4,4,1,1,1,1,1,1,NA,NA,NA,NA,1,NA,2,4,2,0
"201",NA,4,4,4,2,5,3,3,5,1,3,6,1,1,5,1,4,5,4,2,2,2,1,1,1,NA,NA,NA,NA,1,2,1,5,NA,1
"202",NA,4,4,2,2,8,3,8,4,1,8,6,1,1,5,1,3,4,4,2,2,2,1,3,3,NA,NA,NA,NA,1,NA,1,4,3,0
"203",NA,3,2,2,3,3,3,3,5,1,5,5,1,3,5,1,4,4,4,1,1,1,3,3,3,NA,NA,NA,NA,1,3,2,4,NA,1
"204",NA,4,4,5,3,3,2,3,5,1,4,5,1,1,5,1,3,3,3,2,2,2,1,1,1,NA,NA,NA,NA,1,NA,2,5,3,0
"205",NA,4,4,4,3,3,3,4,5,1,3,5,1,2,3,1,4,4,4,2,2,3,2,3,2,NA,NA,NA,NA,1,3,2,4,NA,1
"206",NA,2,4,4,3,6,3,4,2,1,4,5,1,1,3,1,4,3,5,1,2,1,2,3,2,NA,NA,NA,NA,1,3,2,4,NA,1
"207",NA,4,5,4,3,3,3,3,5,1,4,5,1,1,5,1,3,3,5,2,1,2,3,3,3,NA,NA,NA,NA,1,NA,2,4,3,0
"208",NA,3,4,4,9,4,4,4,4,1,4,5,1,3,4,1,3,3,4,3,3,3,1,3,3,NA,NA,NA,NA,1,3,1,4,NA,1
"209",NA,4,5,4,3,3,2,2,4,1,3,5,1,1,5,1,3,4,5,1,1,2,1,1,1,NA,NA,NA,NA,1,NA,3,4,3,0
"210",NA,4,4,4,3,3,2,4,5,1,4,5,1,3,4,1,3,3,4,2,2,1,1,3,1,NA,NA,NA,NA,1,NA,2,5,2,0
"211",NA,3,5,5,3,1,2,4,6,1,6,6,1,1,3,1,4,4,5,3,1,3,1,1,1,NA,NA,NA,NA,1,NA,3,4,3,0
"212",NA,4,3,4,3,3,1,3,6,1,5,5,1,1,6,1,4,5,5,2,3,2,1,1,1,NA,NA,NA,NA,1,3,1,4,NA,1
"213",NA,4,4,4,5,8,4,4,2,1,4,2,1,1,5,1,4,4,4,1,1,2,2,3,3,NA,NA,NA,NA,1,NA,1,5,3,0
"214",NA,4,2,4,4,4,5,4,5,1,5,2,1,2,3,1,4,4,4,1,1,1,1,2,2,NA,NA,NA,NA,1,3,1,5,NA,1
"215",NA,4,4,3,3,3,3,4,6,1,6,6,1,2,6,2,4,4,5,2,2,2,1,1,1,NA,NA,NA,NA,1,3,1,4,NA,1
"216",NA,3,3,3,3,3,3,5,6,1,6,6,2,3,6,1,4,3,5,2,2,1,1,2,3,NA,NA,NA,NA,1,3,1,4,NA,1
"217",NA,4,4,4,3,3,2,3,6,1,5,5,1,3,5,1,4,4,4,2,3,3,3,3,3,NA,NA,NA,NA,1,3,2,5,NA,1
"218",NA,3,4,4,3,4,2,3,5,2,6,6,2,1,5,2,4,4,4,2,2,2,1,1,3,NA,NA,NA,NA,1,3,2,5,NA,1
"219",NA,4,3,4,3,3,3,3,6,1,6,5,1,1,6,1,4,4,5,1,2,1,1,1,1,NA,NA,NA,NA,1,3,2,5,NA,1
"220",NA,2,2,2,2,2,3,2,5,1,5,6,1,3,5,1,5,4,4,2,2,2,2,2,2,NA,NA,NA,NA,1,3,1,4,NA,1
"221",NA,3,4,3,3,6,2,4,6,1,6,6,1,2,5,1,4,3,5,2,2,2,1,2,3,NA,NA,NA,NA,1,2,2,5,NA,1
"222",NA,3,5,5,3,7,3,6,6,1,6,3,1,1,3,1,5,3,3,2,2,2,1,3,3,NA,NA,NA,NA,1,NA,2,5,2,0
"223",NA,4,4,4,3,3,3,5,3,1,5,4,1,2,4,1,4,3,4,3,1,2,2,3,3,NA,NA,NA,NA,1,NA,2,5,3,0
"224",NA,3,4,4,3,5,2,3,6,1,4,6,1,1,6,1,4,5,5,2,3,2,1,1,1,NA,NA,NA,NA,1,2,2,5,NA,1
"225",NA,3,3,3,4,4,4,4,4,1,4,5,1,1,3,1,3,4,5,2,2,1,1,1,2,NA,NA,NA,NA,1,2,1,5,NA,1
"226",NA,4,4,4,3,5,3,5,3,1,4,5,1,1,3,1,5,4,4,1,1,1,3,3,3,NA,NA,NA,NA,1,NA,2,4,3,0
"227",NA,4,2,3,4,3,3,6,4,1,4,4,1,1,3,1,4,5,4,2,1,2,2,3,2,NA,NA,NA,NA,1,NA,2,4,3,0
"228",NA,3,3,4,4,5,4,6,5,1,3,5,1,3,5,1,4,4,4,2,1,2,3,3,3,NA,NA,NA,NA,1,3,2,5,NA,1
"229",NA,3,4,4,3,3,2,3,6,1,6,6,1,1,5,1,3,4,4,2,2,2,3,3,3,NA,NA,NA,NA,1,3,2,5,NA,1
"230",NA,4,2,4,5,5,4,5,4,1,4,3,1,2,3,1,3,4,4,2,1,1,2,3,2,NA,NA,NA,NA,1,NA,2,5,3,0
"231",NA,2,3,4,3,2,3,8,5,1,6,5,1,1,5,1,3,3,4,2,2,1,1,1,1,NA,NA,NA,NA,1,2,2,4,NA,1
"232",NA,4,4,4,3,4,3,4,5,1,8,5,1,2,5,1,4,3,5,2,2,2,1,1,3,NA,NA,NA,NA,1,2,2,5,NA,1
"233",NA,2,4,4,2,2,1,3,7,1,6,7,1,1,7,1,4,3,4,2,2,2,1,1,1,NA,NA,NA,NA,1,3,2,4,NA,1
"234",NA,5,3,5,3,6,3,4,6,1,5,5,1,1,5,1,5,5,5,2,1,1,1,2,2,NA,NA,NA,NA,1,NA,2,4,3,0
"235",NA,3,3,3,3,5,3,8,5,1,6,5,1,2,5,1,4,3,4,1,2,1,1,1,1,NA,NA,NA,NA,1,3,3,4,NA,1
"236",NA,NA,NA,NA,NA,NA,NA,NA,NA,NA,NA,NA,NA,NA,NA,NA,NA,NA,NA,NA,NA,NA,NA,NA,NA,NA,NA,NA,NA,1,NA,NA,NA,NA,1
"237",NA,4,5,5,6,8,6,7,3,1,2,1,1,1,2,1,5,5,5,1,1,1,2,1,1,7,6,1,4,0,NA,NA,NA,NA,0
"238",NA,4,4,5,2,4,4,4,4,1,4,3,1,1,3,1,5,4,5,1,2,1,1,1,2,7,3,2,5,0,NA,NA,NA,NA,0
"239",NA,6,3,3,2,3,2,4,6,2,6,6,2,1,6,1,3,4,5,2,2,3,1,3,3,7,3,1,7,0,NA,NA,NA,NA,1
"240",NA,4,5,5,3,3,3,8,4,1,4,4,1,1,3,1,5,5,5,1,1,3,1,1,3,6,8,2,1,0,NA,NA,NA,NA,1
"241",NA,4,4,6,5,8,5,3,4,1,2,3,1,1,1,1,5,4,4,2,1,1,1,3,3,3,11,4,2,0,NA,NA,NA,NA,1
"242",NA,3,2,2,2,2,2,4,6,2,4,7,2,2,8,1,4,4,5,2,2,3,1,1,2,7,7,1,4,0,NA,NA,NA,NA,1
"243",NA,3,4,4,3,5,2,4,5,1,6,6,2,1,6,1,4,4,5,2,2,2,2,2,1,6,1,2,10,0,NA,NA,NA,NA,1
"244",NA,3,4,2,2,3,3,4,4,1,5,7,2,1,6,1,3,4,5,2,2,2,3,2,2,7,3,2,4,0,NA,NA,NA,NA,1
"245",NA,4,5,5,3,5,3,5,4,1,8,5,1,2,3,1,5,3,4,1,1,1,2,2,2,6,7,2,3,0,NA,NA,NA,NA,0
"246",NA,4,4,5,4,7,5,7,2,1,5,8,1,1,1,1,4,1,5,1,1,1,2,3,1,7,3,5,6,0,NA,NA,NA,NA,0
"247",NA,3,4,5,2,4,3,5,7,2,6,6,2,1,6,2,5,5,5,2,2,2,2,2,2,7,7,2,2,0,NA,NA,NA,NA,0
"248",NA,4,3,4,5,5,3,4,5,1,4,3,1,1,1,1,4,4,5,1,2,1,1,3,1,6,3,2,5,0,NA,NA,NA,NA,0
"249",NA,4,5,4,2,4,1,5,6,1,4,4,1,2,3,1,5,4,5,1,2,1,1,2,2,6,2,6,5,0,NA,NA,NA,NA,1
"250",NA,4,4,4,3,5,2,4,5,1,3,5,2,1,2,1,4,3,5,2,2,1,1,1,1,3,5,2,3,0,NA,NA,NA,NA,1
"251",NA,4,4,4,5,3,3,4,4,1,5,4,1,3,2,1,5,4,4,1,2,1,2,2,2,6,8,2,0,0,NA,NA,NA,NA,0
"252",NA,4,4,4,3,3,2,3,5,1,3,5,1,1,3,1,5,4,4,2,2,2,2,2,2,3,7,1,2,0,NA,NA,NA,NA,1
"253",NA,5,4,3,4,4,4,4,5,1,4,4,1,2,3,1,4,4,4,1,1,1,1,1,1,5,2,2,11,0,NA,NA,NA,NA,0
"254",NA,2,3,4,4,5,5,6,2,1,1,1,1,2,1,1,5,3,3,1,1,1,1,2,1,7,4,2,10,0,NA,NA,NA,NA,1
"255",NA,3,5,5,2,5,1,4,6,4,5,7,1,1,7,1,5,3,5,2,1,1,2,2,2,6,11,1,11,0,NA,NA,NA,NA,1
"256",NA,5,5,5,3,8,8,8,2,1,3,2,1,1,2,1,5,5,5,1,1,1,3,3,3,3,7,1,11,0,NA,NA,NA,NA,0
"257",NA,4,4,5,9,8,4,3,5,1,6,6,1,1,1,1,4,4,5,2,2,1,1,1,3,7,5,2,1,0,NA,NA,NA,NA,1
"258",NA,4,4,4,2,3,2,4,5,1,4,5,1,1,5,1,2,4,3,2,2,2,3,1,1,6,2,3,10,0,NA,NA,NA,NA,1
"259",NA,3,4,4,5,5,5,5,4,1,4,3,1,2,2,1,4,4,4,1,2,2,1,3,2,7,5,1,5,0,NA,NA,NA,NA,0
"260",NA,2,3,4,2,4,2,4,5,1,6,5,1,2,5,1,3,4,5,1,2,1,1,1,1,7,3,1,7,0,NA,NA,NA,NA,1
"261",NA,4,4,1,3,5,4,8,4,4,4,1,1,3,4,1,2,4,3,2,1,3,3,3,3,7,13,2,5,0,NA,NA,NA,NA,0
"262",NA,4,4,3,2,3,2,3,6,1,6,6,1,1,6,1,4,4,4,2,2,2,3,1,2,5,2,2,8,0,NA,NA,NA,NA,0
"263",NA,4,4,5,2,2,3,4,5,1,4,6,2,1,3,3,3,1,4,2,1,2,1,1,2,6,8,7,0,0,NA,NA,NA,NA,1
"264",NA,2,2,4,3,3,2,4,3,1,5,5,1,1,4,1,4,4,5,2,1,2,1,3,1,6,4,2,5,0,NA,NA,NA,NA,1
"265",NA,3,4,4,3,7,6,4,6,2,5,2,1,1,1,1,2,4,5,3,2,1,1,2,2,5,3,3,7,0,NA,NA,NA,NA,1
"266",NA,4,3,3,2,3,3,5,5,1,3,5,1,1,5,1,4,4,4,2,1,2,1,1,1,7,7,2,2,0,NA,NA,NA,NA,1
"267",NA,3,4,3,5,7,3,4,4,1,3,6,2,1,5,1,3,4,5,1,2,2,1,1,2,6,1,3,10,0,NA,NA,NA,NA,1
"268",NA,4,3,5,3,8,8,8,4,1,4,6,1,2,4,1,5,6,5,2,3,2,3,3,3,7,13,2,5,0,NA,NA,NA,NA,1
"269",NA,5,5,6,4,6,6,8,3,1,5,2,1,1,2,1,4,4,5,2,1,2,3,2,2,5,2,4,7,0,NA,NA,NA,NA,1
"270",NA,4,4,6,4,8,8,8,5,1,5,3,1,1,5,1,3,2,2,2,2,2,2,1,2,7,7,4,4,0,NA,NA,NA,NA,0
"271",NA,3,4,3,2,3,2,3,5,1,5,5,2,1,4,1,4,3,5,2,2,1,3,3,2,5,2,2,7,0,NA,NA,NA,NA,1
"272",NA,3,4,3,3,6,5,3,3,4,5,5,1,2,3,1,4,4,4,1,2,3,2,2,2,6,13,2,11,0,NA,NA,NA,NA,1
"273",NA,5,5,3,3,3,6,7,5,1,7,1,1,1,5,2,5,5,5,2,1,2,2,3,3,3,13,1,4,0,NA,NA,NA,NA,0
"274",NA,4,5,5,3,4,5,7,2,1,1,3,1,1,1,1,4,4,5,1,1,1,2,2,2,7,5,2,7,0,NA,NA,NA,NA,1
"275",NA,3,4,4,3,8,2,4,5,1,5,4,1,1,4,1,4,4,5,2,2,3,1,3,3,3,13,2,4,0,NA,NA,NA,NA,1
"276",NA,4,5,4,9,8,8,8,4,1,5,2,1,1,3,1,5,5,5,1,1,1,1,3,2,3,5,3,8,0,NA,NA,NA,NA,1
"277",NA,3,3,3,3,2,3,4,5,1,2,5,1,1,5,1,4,4,4,2,2,1,1,2,1,7,6,2,7,0,NA,NA,NA,NA,1
"278",NA,4,3,3,6,7,4,2,2,1,5,3,1,2,2,1,5,4,5,2,2,1,1,3,2,9,8,2,0,0,NA,NA,NA,NA,0
"279",NA,4,3,1,5,3,3,2,5,1,4,5,1,2,7,1,5,5,5,1,1,1,1,1,1,7,13,1,5,0,NA,NA,NA,NA,0
"280",NA,3,5,5,5,3,6,4,3,1,4,8,1,1,5,2,4,4,4,2,1,2,1,1,1,6,3,2,5,0,NA,NA,NA,NA,1
"281",NA,4,4,5,2,5,4,4,5,1,4,5,1,3,8,3,5,5,6,1,1,3,3,3,3,7,4,6,0,0,NA,NA,NA,NA,0
"282",NA,4,4,1,2,3,3,4,6,1,6,6,1,1,3,1,4,5,5,1,1,1,1,1,2,6,2,1,7,0,NA,NA,NA,NA,0
"283",NA,3,4,4,4,5,4,5,4,1,4,2,1,1,4,1,4,4,4,1,1,1,1,3,2,6,11,1,5,0,NA,NA,NA,NA,1
"284",NA,5,5,5,9,8,8,3,8,1,2,5,1,1,5,1,4,6,4,2,3,3,2,1,2,3,8,3,1,0,NA,NA,NA,NA,0
"285",NA,4,5,4,4,8,8,8,4,1,4,4,1,1,4,1,3,6,3,1,1,3,1,1,2,6,8,2,2,0,NA,NA,NA,NA,0
"286",NA,5,5,5,3,3,2,5,3,1,5,5,1,2,3,1,4,3,5,2,2,2,2,2,2,5,8,2,1,0,NA,NA,NA,NA,1
"287",NA,4,4,4,5,5,3,8,5,1,8,5,1,1,5,1,5,5,5,1,2,1,1,1,1,5,8,3,3,0,NA,NA,NA,NA,0
"288",NA,2,4,4,3,3,2,4,5,2,3,4,1,1,2,1,4,3,4,2,1,2,2,2,2,6,11,2,11,0,NA,NA,NA,NA,1
"289",NA,2,4,5,5,3,2,2,3,1,5,5,1,3,3,1,5,4,3,2,1,1,2,2,2,3,8,2,2,0,NA,NA,NA,NA,1
"290",NA,4,5,4,3,8,2,8,5,1,5,4,1,2,3,1,4,4,5,2,1,2,2,2,2,6,8,1,0,0,NA,NA,NA,NA,0
"291",NA,2,5,5,3,6,3,6,4,1,6,5,1,1,5,1,4,4,5,1,2,1,3,3,3,5,2,4,6,0,NA,NA,NA,NA,0
"292",NA,4,5,4,3,3,3,4,5,1,5,5,1,2,3,1,4,3,5,2,1,3,2,2,2,6,3,2,3,0,NA,NA,NA,NA,0
"293",NA,4,5,3,6,5,8,6,4,1,4,1,1,3,1,1,4,4,4,1,1,1,3,3,3,3,9,4,7,0,NA,NA,NA,NA,1
"294",NA,4,4,5,3,4,3,4,4,1,4,5,1,1,5,1,4,4,5,1,1,1,2,1,3,6,7,2,4,0,NA,NA,NA,NA,0
"295",NA,4,3,2,2,3,4,6,3,1,3,3,1,2,1,1,4,3,5,1,1,2,3,1,1,6,2,2,7,0,NA,NA,NA,NA,1
"296",NA,4,4,4,4,6,4,6,3,1,3,3,1,1,2,1,4,4,5,2,1,2,3,3,3,7,6,4,4,0,NA,NA,NA,NA,0
"297",NA,3,4,2,3,3,2,4,2,1,2,1,1,1,1,1,4,4,3,1,1,1,1,3,3,7,13,2,0,0,NA,NA,NA,NA,1
"298",NA,4,4,4,9,5,5,8,5,4,3,8,3,3,5,1,5,4,5,2,3,2,3,3,3,6,10,1,3,0,NA,NA,NA,NA,1
"299",NA,4,1,3,9,8,8,8,1,1,3,2,1,1,2,1,4,3,5,1,1,2,2,2,2,3,3,3,NA,0,NA,NA,NA,NA,1
"300",NA,4,5,5,5,6,2,5,2,1,4,3,1,2,1,1,4,4,4,2,2,1,1,2,2,3,7,2,11,0,NA,NA,NA,NA,0
"301",NA,3,5,4,3,4,3,5,3,1,5,5,1,2,5,1,5,4,5,2,1,1,2,1,1,3,7,2,2,0,NA,NA,NA,NA,0
"302",NA,4,4,3,3,3,2,4,5,2,5,5,2,1,5,1,3,3,4,2,2,2,1,1,1,7,2,2,7,0,NA,NA,NA,NA,1
"303",NA,3,4,4,2,4,3,3,2,1,6,8,1,2,6,2,5,4,5,1,1,2,1,1,3,6,2,3,7,0,NA,NA,NA,NA,1
"304",NA,4,4,4,2,3,2,3,5,1,6,5,1,2,7,1,4,3,5,2,2,2,1,1,1,6,2,2,8,0,NA,NA,NA,NA,1
"305",NA,4,5,5,9,8,2,4,3,1,5,3,1,2,3,1,4,4,4,2,1,1,3,1,2,3,13,2,3,0,NA,NA,NA,NA,0
"306",NA,4,5,2,4,4,3,4,4,1,5,5,1,2,2,1,5,4,5,1,1,1,1,3,3,7,13,1,3,0,NA,NA,NA,NA,0
"307",NA,4,4,4,3,2,2,4,5,2,5,6,2,1,6,2,3,5,5,1,1,1,2,2,2,6,7,2,3,0,NA,NA,NA,NA,0
"308",NA,4,3,5,3,4,2,5,5,2,6,3,1,3,4,1,4,4,4,2,3,2,1,1,1,7,10,2,4,0,NA,NA,NA,NA,1
"309",NA,4,5,5,4,5,3,5,4,1,4,5,1,1,4,1,4,4,4,2,2,2,2,3,3,3,2,4,11,0,NA,NA,NA,NA,1
"310",NA,4,5,5,9,8,5,5,4,1,8,4,1,3,8,1,4,4,5,2,1,3,3,3,3,3,8,3,4,0,NA,NA,NA,NA,0
"311",NA,4,5,5,3,3,3,3,4,1,5,4,1,2,1,1,4,3,5,2,2,1,1,1,2,6,2,2,7,0,NA,NA,NA,NA,1
"312",NA,4,4,4,4,4,4,4,4,1,4,5,1,1,3,1,3,4,3,1,2,1,1,2,1,3,2,3,6,0,NA,NA,NA,NA,0
"313",NA,4,4,4,1,2,1,1,7,1,4,6,1,1,5,1,5,3,5,2,2,1,1,2,2,7,7,2,5,0,NA,NA,NA,NA,1
"314",NA,4,4,4,3,5,6,6,1,1,3,3,1,2,3,1,5,5,5,2,1,1,3,3,3,9,6,2,5,0,NA,NA,NA,NA,1
"315",NA,4,3,4,3,6,2,3,6,1,6,3,1,1,2,1,5,4,3,2,1,1,1,2,1,3,2,3,6,0,NA,NA,NA,NA,1
"316",NA,4,4,4,3,3,2,2,5,4,4,3,1,2,3,1,4,3,5,2,2,2,2,2,2,6,2,2,8,0,NA,NA,NA,NA,0
"317",NA,3,1,2,3,5,3,8,2,1,8,1,1,3,1,1,4,4,5,1,1,1,2,3,2,7,7,2,2,0,NA,NA,NA,NA,0
"318",NA,4,4,5,3,8,8,5,4,1,5,3,1,2,2,1,4,4,5,1,1,3,3,3,3,6,13,2,4,0,NA,NA,NA,NA,1
"319",NA,4,5,5,3,3,2,3,6,2,4,6,2,1,4,1,4,4,4,2,2,1,2,1,3,7,2,2,7,0,NA,NA,NA,NA,1
"320",NA,4,4,2,5,7,3,2,5,1,5,6,2,1,3,1,5,3,5,2,2,1,1,3,3,6,6,2,3,0,NA,NA,NA,NA,0
"321",NA,3,4,5,3,8,3,4,4,2,5,4,1,2,4,2,4,5,4,2,2,2,1,3,3,3,11,4,6,0,NA,NA,NA,NA,1
"322",NA,4,4,4,2,3,3,8,5,1,5,5,1,1,3,1,4,3,5,2,1,1,2,1,1,2,2,2,11,0,NA,NA,NA,NA,0
"323",NA,4,4,4,9,4,3,5,3,1,3,4,3,2,3,1,3,2,4,1,1,1,1,3,3,6,3,3,3,0,NA,NA,NA,NA,1
"324",NA,4,4,5,3,5,3,5,5,1,4,5,1,1,5,1,4,2,4,2,2,1,2,1,1,6,8,2,2,0,NA,NA,NA,NA,0
"325",NA,4,5,4,3,3,3,5,4,2,4,5,2,2,3,1,4,3,4,1,2,1,2,2,2,6,6,2,2,0,NA,NA,NA,NA,0
"326",NA,4,4,4,3,4,3,6,5,1,4,6,1,2,3,1,4,4,5,2,2,1,2,1,2,NA,NA,NA,NA,1,2,2,5,NA,1
"327",NA,4,4,5,2,2,1,4,7,2,7,7,2,2,7,1,3,3,5,2,2,2,1,1,1,NA,NA,NA,NA,1,3,3,4,NA,1
"328",NA,2,3,4,2,2,1,2,6,1,3,6,1,1,6,1,5,3,4,2,1,2,3,3,3,NA,NA,NA,NA,1,3,1,4,NA,1
"329",NA,2,3,3,2,4,1,8,6,2,6,7,1,1,6,1,4,3,5,2,2,2,1,1,2,NA,NA,NA,NA,1,2,1,5,NA,1
"330",NA,2,2,2,3,3,3,3,7,1,7,6,2,1,2,1,4,4,5,2,2,1,1,1,2,NA,NA,NA,NA,1,3,1,4,NA,1
"331",NA,3,5,5,3,2,3,3,5,1,6,5,1,2,5,1,5,4,3,2,2,2,2,1,2,NA,NA,NA,NA,1,3,2,4,NA,1
"332",NA,3,3,3,3,3,3,3,6,1,5,5,1,1,5,1,5,5,5,2,3,3,3,3,3,NA,NA,NA,NA,1,3,1,5,NA,1
"333",NA,3,3,4,2,4,2,2,5,1,4,6,1,2,3,1,4,4,5,2,2,1,2,2,2,NA,NA,NA,NA,1,3,1,5,NA,1
"334",NA,4,4,4,3,2,2,2,6,1,6,6,1,1,6,1,3,3,4,2,1,2,1,1,1,NA,NA,NA,NA,1,3,2,4,NA,1
"335",NA,4,4,4,3,3,2,6,5,1,5,6,1,1,4,1,5,4,5,1,2,2,1,1,2,NA,NA,NA,NA,1,3,1,4,NA,1
"336",NA,3,3,3,2,2,2,2,6,1,3,6,1,2,6,1,4,4,4,2,1,2,1,3,3,NA,NA,NA,NA,1,3,2,4,NA,1
"337",NA,3,3,4,3,7,4,4,5,1,5,5,1,3,4,1,4,3,5,3,2,1,3,3,3,NA,NA,NA,NA,1,3,1,4,NA,1
"338",NA,4,3,1,3,6,3,5,6,1,6,3,1,2,3,1,3,3,4,2,1,1,1,3,3,NA,NA,NA,NA,1,3,2,4,NA,1
"339",NA,3,3,3,3,4,3,4,6,2,6,6,1,1,5,1,5,5,5,2,2,2,2,3,2,NA,NA,NA,NA,1,2,1,4,NA,1
"340",NA,4,3,5,5,8,1,2,3,4,2,5,1,2,1,3,5,4,4,3,2,3,3,3,3,NA,NA,NA,NA,1,1,2,4,NA,1
"341",NA,4,4,4,5,6,4,8,1,1,4,1,1,3,1,1,4,4,4,1,1,1,3,3,3,NA,NA,NA,NA,1,3,2,4,NA,1
"342",NA,3,1,4,2,3,2,3,5,1,2,5,1,1,5,1,3,4,5,1,2,1,2,1,1,NA,NA,NA,NA,1,2,1,4,NA,1
"343",NA,4,4,4,3,8,3,8,5,1,4,5,1,2,5,1,3,3,4,1,1,1,1,3,2,NA,NA,NA,NA,1,3,1,4,NA,1
"344",NA,3,4,4,5,6,6,7,1,1,1,1,1,2,1,1,5,3,5,1,1,1,2,2,2,NA,NA,NA,NA,1,3,1,4,NA,1
"345",NA,3,3,4,2,3,2,4,6,2,6,6,2,2,6,2,4,4,4,2,2,2,1,1,1,NA,NA,NA,NA,1,3,2,4,NA,1
"346",NA,4,4,3,2,5,2,4,6,2,6,7,2,1,6,1,4,4,5,2,2,2,1,1,1,NA,NA,NA,NA,1,3,2,5,NA,1
"347",NA,3,2,2,3,5,2,3,5,1,6,3,1,1,5,1,4,4,3,2,1,2,2,1,1,NA,NA,NA,NA,1,3,2,4,NA,1
"348",NA,4,4,4,1,2,2,4,7,1,4,6,1,1,3,1,3,4,5,1,2,2,1,2,2,NA,NA,NA,NA,1,1,1,5,NA,1
"349",NA,3,3,3,3,2,3,4,6,1,6,5,1,1,5,1,4,5,5,2,1,2,2,2,1,NA,NA,NA,NA,1,3,2,4,NA,1
"350",NA,3,5,4,1,3,1,3,7,2,5,6,2,1,6,1,4,2,5,2,2,1,1,2,1,NA,NA,NA,NA,1,3,1,5,NA,1
"351",NA,3,5,5,2,2,2,3,7,1,6,6,1,1,7,1,4,4,5,2,2,2,1,1,1,NA,NA,NA,NA,1,3,1,4,NA,1
"352",NA,4,4,3,3,4,3,5,5,1,5,5,1,2,5,1,3,4,4,1,1,1,1,2,1,NA,NA,NA,NA,1,2,1,4,NA,1
"353",NA,2,2,2,2,2,2,3,6,2,5,7,2,2,6,1,4,3,5,2,2,2,1,2,2,NA,NA,NA,NA,1,3,1,4,NA,1
"354",NA,3,4,2,2,3,3,3,5,1,1,5,1,2,5,1,4,4,5,1,2,1,1,1,1,NA,NA,NA,NA,1,3,1,4,NA,1
"355",NA,3,3,3,2,8,1,8,6,1,5,6,1,2,6,1,5,5,5,2,2,2,1,1,1,NA,NA,NA,NA,1,3,1,5,NA,1
"356",NA,3,4,5,2,1,2,2,6,2,7,8,2,1,3,1,3,4,5,2,2,1,1,2,2,NA,NA,NA,NA,1,2,2,5,NA,1
"357",NA,3,4,3,5,6,3,3,3,1,4,3,1,2,3,1,4,4,4,1,3,2,2,2,2,NA,NA,NA,NA,1,2,1,5,NA,1
"358",NA,3,5,4,1,8,2,2,5,1,5,6,1,2,6,1,4,3,5,2,2,2,2,1,2,NA,NA,NA,NA,1,3,2,4,NA,1
"359",NA,4,4,4,3,3,4,4,5,1,2,3,1,1,5,1,4,5,4,1,1,1,2,3,3,NA,NA,NA,NA,1,3,2,5,NA,1
"360",NA,3,2,3,3,5,4,8,6,1,6,4,1,1,1,1,4,4,5,2,2,1,1,1,1,NA,NA,NA,NA,1,2,2,4,NA,1
"361",NA,4,4,4,3,6,3,3,5,1,5,5,1,1,5,1,4,4,4,2,2,2,2,2,2,NA,NA,NA,NA,1,3,1,5,NA,1
"362",NA,3,2,4,3,3,1,4,6,1,4,6,1,1,5,1,4,4,4,1,2,1,1,2,1,NA,NA,NA,NA,1,3,2,5,NA,1
"363",NA,4,4,4,3,6,2,4,6,2,4,6,1,1,6,2,3,4,4,2,2,2,2,3,1,NA,NA,NA,NA,1,3,2,4,NA,1
"364",NA,3,4,2,2,2,3,4,6,1,4,6,2,1,6,2,3,4,3,2,2,2,3,3,3,NA,NA,NA,NA,1,2,2,5,NA,1
"365",NA,4,4,4,1,2,2,3,6,1,6,6,1,3,6,1,5,4,4,2,2,3,3,1,3,NA,NA,NA,NA,1,2,3,5,NA,1
"366",NA,2,4,4,3,3,2,3,6,1,2,5,1,1,5,1,4,4,4,1,2,2,2,3,3,NA,NA,NA,NA,1,3,1,4,NA,1
"367",NA,2,2,3,3,2,2,2,6,2,1,4,1,1,6,1,4,5,5,1,2,2,1,1,1,NA,NA,NA,NA,1,3,1,4,NA,1
"368",NA,3,4,4,2,5,2,4,6,1,6,5,2,2,5,1,4,3,4,2,2,2,1,2,2,NA,NA,NA,NA,1,2,3,4,NA,1
"369",NA,4,4,2,2,1,1,3,4,1,4,4,1,1,4,1,5,5,5,1,1,1,3,3,3,NA,NA,NA,NA,1,NA,1,4,2,0
"370",NA,4,4,4,3,5,3,4,5,1,4,5,1,1,1,1,3,4,5,1,2,1,2,1,1,NA,NA,NA,NA,1,NA,2,5,1,0
"371",NA,4,5,5,9,6,3,4,5,1,5,3,1,1,5,1,5,5,5,1,1,1,2,2,1,NA,NA,NA,NA,1,NA,2,4,3,0
"372",NA,4,4,4,5,3,4,3,4,1,5,3,1,2,2,1,5,5,5,1,2,2,2,2,2,NA,NA,NA,NA,1,NA,1,4,2,0
"373",NA,4,4,4,5,6,5,6,3,1,3,2,1,3,4,3,4,3,4,1,1,1,3,3,3,NA,NA,NA,NA,1,NA,2,4,2,0
"374",NA,4,4,4,4,5,4,8,4,1,4,3,1,3,4,1,3,4,4,2,1,3,3,3,3,NA,NA,NA,NA,1,NA,3,5,2,0
"375",NA,4,4,4,3,3,3,4,5,1,5,5,1,2,5,1,3,4,4,2,2,1,1,2,2,NA,NA,NA,NA,1,NA,2,5,3,0
"376",NA,4,5,5,7,7,7,7,1,1,1,1,1,1,1,1,3,4,5,1,1,1,2,1,1,NA,NA,NA,NA,1,NA,2,4,2,0
"377",NA,4,4,5,2,5,2,5,5,1,4,5,1,1,5,1,4,4,4,1,1,2,2,1,3,NA,NA,NA,NA,1,NA,1,5,2,0
"378",NA,4,5,5,6,6,4,8,5,1,6,5,1,2,2,1,5,5,5,2,2,1,2,2,2,NA,NA,NA,NA,1,NA,1,4,3,0
"379",NA,4,4,4,3,3,2,4,5,1,5,5,1,1,4,1,4,4,4,2,1,2,2,2,2,NA,NA,NA,NA,1,NA,2,4,3,0
"380",NA,4,3,3,3,3,3,4,4,1,4,3,1,2,4,2,4,4,4,2,2,2,1,2,2,NA,NA,NA,NA,1,NA,1,4,1,0
"381",NA,4,5,5,3,3,2,5,5,1,2,5,1,1,5,1,4,3,4,2,1,2,2,2,2,NA,NA,NA,NA,1,NA,1,4,3,0
"382",NA,4,5,5,4,6,3,5,5,1,4,5,1,1,5,1,5,4,5,1,1,1,1,3,3,NA,NA,NA,NA,1,NA,1,4,3,0
"383",NA,4,5,5,3,1,2,5,5,1,6,5,2,1,4,1,3,3,4,2,2,1,3,2,3,NA,NA,NA,NA,1,NA,1,4,3,0
"384",NA,2,4,4,2,2,3,4,6,2,4,6,2,1,6,2,5,5,5,2,2,2,1,1,1,NA,NA,NA,NA,1,NA,2,5,3,0
"385",NA,4,3,3,4,4,4,8,4,1,4,3,1,1,2,1,4,5,5,1,1,1,2,1,2,NA,NA,NA,NA,1,NA,1,5,1,0
"386",NA,2,4,5,3,7,1,5,5,1,6,5,1,1,5,1,4,5,5,1,1,1,2,2,2,NA,NA,NA,NA,1,NA,1,4,2,0
"387",NA,4,5,4,3,8,8,8,3,1,4,5,1,2,3,1,3,3,3,2,2,2,2,2,2,NA,NA,NA,NA,1,NA,3,5,2,0
"388",NA,4,5,5,2,3,2,4,5,1,5,5,1,2,5,1,4,4,4,2,2,2,1,1,1,NA,NA,NA,NA,1,NA,2,4,3,0
"389",NA,4,4,4,3,2,2,8,4,1,5,5,1,1,5,1,4,3,5,1,2,1,1,1,1,NA,NA,NA,NA,1,NA,2,4,1,0
"390",NA,5,5,5,9,8,8,8,3,1,8,3,1,1,2,1,5,5,5,1,1,1,2,1,2,NA,NA,NA,NA,1,NA,1,5,2,0
"391",NA,4,4,4,4,6,3,4,3,1,5,3,1,1,3,1,4,4,4,2,1,2,2,3,3,NA,NA,NA,NA,1,NA,2,4,3,0
"392",NA,4,5,5,9,6,2,6,5,1,3,2,1,3,2,1,4,4,4,1,1,1,3,3,3,NA,NA,NA,NA,1,NA,2,5,3,0
"393",NA,4,4,4,3,1,1,5,5,1,8,5,1,1,5,1,5,4,4,1,1,1,2,2,2,NA,NA,NA,NA,1,NA,1,5,1,0
"394",NA,4,4,2,6,7,2,2,5,1,5,5,2,1,2,1,5,4,5,2,2,1,1,3,3,NA,NA,NA,NA,1,NA,1,5,3,0
"395",NA,4,4,4,3,3,3,5,4,1,4,5,1,2,2,1,5,5,5,2,1,1,3,2,1,NA,NA,NA,NA,1,NA,1,4,3,0
"396",NA,3,2,3,4,6,4,4,3,1,3,2,1,3,2,1,4,4,5,1,1,1,2,2,2,NA,NA,NA,NA,1,NA,2,4,3,0
"397",NA,4,4,4,3,8,8,8,5,1,4,3,1,3,3,1,4,4,4,3,1,1,3,1,3,NA,NA,NA,NA,1,NA,2,4,3,0
"398",NA,4,3,4,3,3,5,6,6,2,5,6,1,2,2,1,3,3,5,3,2,1,2,2,2,NA,NA,NA,NA,1,3,2,4,NA,1
"399",NA,3,3,3,5,3,2,5,2,1,4,2,1,2,2,1,4,3,4,2,2,2,2,1,1,NA,NA,NA,NA,1,3,1,4,NA,1
"400",NA,4,5,4,3,8,3,4,4,1,8,4,1,2,4,1,4,3,3,1,1,1,3,2,2,NA,NA,NA,NA,1,NA,2,5,3,0
"401",NA,4,4,4,2,3,2,4,6,2,6,6,2,1,6,1,3,3,5,2,2,2,1,1,1,NA,NA,NA,NA,1,3,2,4,NA,1
"402",NA,4,4,4,2,6,3,4,5,1,3,5,1,2,3,1,3,3,4,2,2,2,1,2,2,NA,NA,NA,NA,1,2,2,4,NA,1
"403",NA,4,5,3,4,3,3,4,4,1,4,4,1,2,3,1,4,4,5,2,1,1,2,3,3,NA,NA,NA,NA,1,NA,1,4,3,0
"404",NA,4,4,4,3,3,4,3,5,1,3,3,1,1,3,1,5,3,1,1,1,2,3,3,3,NA,NA,NA,NA,1,NA,1,4,2,0
"405",NA,4,4,1,3,2,2,4,6,1,5,6,1,2,6,1,4,5,5,1,1,1,1,1,1,NA,NA,NA,NA,1,NA,2,4,3,0
"406",NA,2,4,4,3,4,3,8,5,1,4,5,1,1,5,1,4,4,4,2,2,3,3,3,3,NA,NA,NA,NA,1,3,1,4,NA,1
"407",NA,2,2,2,3,3,2,2,5,1,5,5,1,2,1,1,4,4,4,2,2,2,3,2,2,NA,NA,NA,NA,1,NA,1,4,2,0
"408",NA,3,4,4,4,8,5,5,4,1,4,4,1,3,3,1,4,4,5,2,1,1,3,3,2,NA,NA,NA,NA,1,NA,2,5,1,0
"409",NA,4,4,4,4,5,6,8,3,1,4,3,1,3,2,1,5,5,5,1,1,1,2,2,2,NA,NA,NA,NA,1,NA,2,4,3,0
"410",NA,4,5,5,2,5,3,4,5,1,6,5,1,1,4,1,3,3,4,2,1,2,2,2,2,NA,NA,NA,NA,1,NA,2,5,3,0
"411",NA,4,4,4,9,5,2,2,3,1,3,3,1,2,2,1,5,5,5,1,1,1,1,1,2,NA,NA,NA,NA,1,NA,1,4,3,0
"412",NA,4,2,2,2,3,4,4,5,1,2,5,1,2,5,1,4,4,4,2,2,2,2,2,2,NA,NA,NA,NA,1,3,1,4,NA,1
"413",NA,5,5,5,5,6,2,5,5,1,3,2,1,1,1,1,3,4,5,2,1,1,1,1,2,NA,NA,NA,NA,1,NA,2,5,3,0
"414",NA,4,2,2,5,6,6,6,8,1,1,5,1,2,5,1,3,4,3,1,1,1,1,1,1,NA,NA,NA,NA,1,3,2,4,NA,1
